time, distance, velocity, gear, power
0.0, 0.0, 0.0, 1, 4.137694138430208
0.01, 0.0, 1.1663247343311605, 1, 4.137694138430208
0.02, 0.005213929449744564, 1.6494258760065879, 1, 4.137694138430208
0.03, 0.012587510663396194, 2.0201137504444913, 1, 4.137694138430208
0.04, 0.021618212204092373, 2.332608747235949, 1, 4.137694138430208
0.05, 0.0320458890628188, 2.607912680925585, 1, 4.137694138430208
0.060000000000000005, 0.04370428258667543, 2.85679656157123, 1, 4.137694138430208
0.07, 0.05647528476631024, 3.0856588636729776, 1, 4.137694138430208
0.08, 0.07026939128536294, 3.298668547645923, 1, 4.137694138430208
0.09, 0.0850157347172204, 3.498721383527782, 1, 4.137694138430208
0.09999999999999999, 0.10065639286418805, 3.6879257640664145, 1, 4.137694138430208
0.10999999999999999, 0.11714286887188792, 3.8678733556697207, 1, 4.137694138430208
0.11999999999999998, 0.13443378125965746, 4.039800724984937, 1, 4.137694138430208
0.12999999999999998, 0.15249327648521083, 4.204691248718302, 1, 4.137694138430208
0.13999999999999999, 0.17128989708620282, 4.363342245081489, 1, 4.137694138430208
0.15, 0.19079574992571344, 4.5164108187534495, 1, 4.137694138430208
0.16, 0.21098587938271027, 4.6644461300430615, 1, 4.137694138430208
0.17, 0.23183778479833636, 4.807912700543063, 1, 4.137694138430208
0.18000000000000002, 0.25333104210762075, 4.947207622671419, 1, 4.137694138430208
0.19000000000000003, 0.2754470024045953, 5.0826735156521, 1, 4.137694138430208
0.20000000000000004, 0.29816854842573176, 5.214608446394001, 1, 4.137694138430208
0.21000000000000005, 0.3214798953836028, 5.343273641532025, 1, 4.137694138430208
0.22000000000000006, 0.3453664262763939, 5.468899563525291, 1, 4.137694138430208
0.23000000000000007, 0.36981455435996025, 5.591690755968229, 1, 4.137694138430208
0.24000000000000007, 0.3948116072803257, 5.711829749769724, 1, 4.137694138430208
0.25000000000000006, 0.4203457286683367, 5.8294802435341415, 1, 4.137694138430208
0.26000000000000006, 0.4464057939518675, 5.944789716466818, 1, 4.137694138430208
0.2700000000000001, 0.47298133784873925, 6.05789159286142, 1, 4.137694138430208
0.2800000000000001, 0.5000624915357466, 6.168907048786474, 1, 4.137694138430208
0.2900000000000001, 0.5276399278942832, 6.277946530710481, 1, 4.137694138430208
0.3000000000000001, 0.5557048135448168, 6.3851110402881, 1, 4.137694138430208
0.3100000000000001, 0.5842487666248641, 6.490493227865347, 1, 4.137694138430208
0.3200000000000001, 0.6132638194553618, 6.594178328400116, 1, 4.137694138430208
0.3300000000000001, 0.6427423853909707, 6.696244966695982, 1, 4.137694138430208
0.34000000000000014, 0.6726772292700912, 6.796765853584057, 1, 4.137694138430208
0.35000000000000014, 0.703061440977084, 6.895808390578112, 1, 4.137694138430208
0.36000000000000015, 0.7338884117075377, 6.993435197293914, 1, 4.137694138430208
0.37000000000000016, 0.7651518125913072, 7.08970457335918, 1, 4.137694138430208
0.38000000000000017, 0.7968455753804708, 7.184670904492791, 1, 4.137694138430208
0.3900000000000002, 0.828963874952622, 7.278385020786083, 1, 4.137694138430208
0.4000000000000002, 0.8615011134158177, 7.3708945138877615, 1, 4.137694138430208
0.4100000000000002, 0.8944519056314684, 7.462244018711178, 1, 4.137694138430208
0.4200000000000002, 0.9278110659965706, 7.552475464396717, 1, 4.137694138430208
0.4300000000000002, 0.9615735963478393, 7.641628298533565, 1, 4.137694138430208
0.4400000000000002, 0.9957346748682, 7.729739688042952, 1, 4.137694138430208
0.45000000000000023, 1.0302896458913073, 7.816844699625021, 1, 4.137694138430208
0.46000000000000024, 1.0652340105127323, 7.902976462254331, 1, 4.137694138430208
0.47000000000000025, 1.1005634179275683, 7.988166313859629, 1, 4.137694138430208
0.48000000000000026, 1.1362736574237533, 8.07244393402959, 1, 4.137694138430208
0.49000000000000027, 1.1723606509686386, 8.155837464337985, 1, 4.137694138430208
0.5000000000000002, 1.2088204463334584, 8.238373617671424, 1, 4.137694138430208
0.5100000000000002, 1.245649210706537, 8.32007777776372, 1, 4.137694138430208
0.5200000000000002, 1.282843224751454, 8.400974089988257, 1, 4.137694138430208
0.5300000000000002, 1.3203988770710884, 8.48108554432886, 1, 4.137694138430208
0.5400000000000003, 1.3583126590425711, 8.560434051337232, 1, 4.137694138430208
0.5500000000000003, 1.3965811599918019, 8.639040511788265, 1, 4.137694138430208
0.5600000000000003, 1.4352010626793494, 8.71692488066068, 1, 4.137694138430208
0.5700000000000003, 1.4741691390723715, 8.794106225998094, 1, 4.137694138430208
0.5800000000000003, 1.5134822463796667, 8.870602783142404, 1, 4.137694138430208
0.5900000000000003, 1.553137323329171, 8.94643200477659, 1, 4.137694138430208
0.6000000000000003, 1.5931313866691648, 9.021610607166016, 1, 4.137694138430208
0.6100000000000003, 1.6334615278761977, 9.096154612945332, 1, 4.137694138430208
0.6200000000000003, 1.674124910054286, 9.170079390761252, 1, 4.137694138430208
0.6300000000000003, 1.7151187650113313, 9.24339969204905, 1, 4.137694138430208
0.6400000000000003, 1.756440390499941, 9.316129685192072, 1, 4.137694138430208
0.6500000000000004, 1.798087147610959, 9.388282987288344, 1, 4.137694138430208
0.6600000000000004, 1.8400564583090033, 9.459872693725998, 1, 4.137694138430208
0.6700000000000004, 1.882345803100218, 9.530911405749471, 1, 4.137694138430208
0.6800000000000004, 1.924952718823257, 9.601411256180837, 1, 4.137694138430208
0.6900000000000004, 1.9678747965552517, 9.671383933444954, 1, 4.137694138430208
0.7000000000000004, 2.0111096796251817, 9.740840704033186, 1, 4.137694138430208
0.7100000000000004, 2.0546550617276664, 9.80979243352794, 1, 4.137694138430208
0.7200000000000004, 2.0985086851307435, 9.878249606299171, 1, 4.137694138430208
0.7300000000000004, 2.142668338971701, 9.94622234397391, 1, 4.137694138430208
0.7400000000000004, 2.1871318576354732, 10.01372042277103, 1, 4.137694138430208
0.7500000000000004, 2.2318971192105312, 10.080753289785248, 1, 4.137694138430208
0.7600000000000005, 2.276962044017568, 10.147330078297232, 1, 4.137694138430208
0.7700000000000005, 2.3223245932066265, 10.213459622180029, 1, 4.137694138430208
0.7800000000000005, 2.3679827674186305, 10.279150469466192, 1, 4.137694138430208
0.7900000000000005, 2.4139346055075652, 10.344410895134583, 1, 4.137694138430208
0.8000000000000005, 2.46017818331982, 10.409248913171048, 1, 4.137694138430208
0.8100000000000005, 2.5067116125274476, 10.47367228795269, 1, 4.137694138430208
0.8200000000000005, 2.5535330395123137, 10.537688545001572, 1, 4.137694138430208
0.8300000000000005, 2.600640644298323, 10.601304981150003, 1, 4.137694138430208
0.8400000000000005, 2.6480326395290845, 10.664528674156296, 1, 4.137694138430208
0.8500000000000005, 2.695707269488566, 10.72736649180686, 1, 4.137694138430208
0.8600000000000005, 2.743662809162437, 10.78982510053779, 1, 4.137694138430208
0.8700000000000006, 2.791897563337953, 10.85191097360658, 1, 4.137694138430208
0.8800000000000006, 2.840409865740371, 10.913630398842342, 1, 4.137694138430208
0.8900000000000006, 2.8891980782040148, 10.974989486000785, 1, 4.137694138430208
0.9000000000000006, 2.9382605898762133, 11.035994173748316, 1, 4.137694138430208
0.9100000000000006, 2.9875958164524663, 11.096650236297872, 1, 4.137694138430208
0.9200000000000006, 3.0372021994412717, 11.15696328971749, 1, 4.137694138430208
0.9300000000000006, 3.087078205457157, 11.21693879793109, 1, 4.7314571730009565
0.9400000000000006, 3.137222325540535, 11.285234141703025, 1, 4.7314571730009565
0.9500000000000006, 3.187671752622634, 11.35310350246879, 1, 4.7314571730009565
0.9600000000000006, 3.2384245823921796, 11.420554386973063, 1, 4.7314571730009565
0.9700000000000006, 3.289478944095994, 11.48759407999019, 1, 4.7314571730009565
0.9800000000000006, 3.3408329995467, 11.554229653409477, 1, 4.7314571730009565
0.9900000000000007, 3.3924849421710417, 11.620467974847868, 1, 4.7314571730009565
1.0000000000000007, 3.4444329960967073, 11.686315715819793, 1, 4.7314571730009565
1.0100000000000007, 3.496675415275674, 11.75177935949164, 1, 4.7314571730009565
1.0200000000000007, 3.5492104826422177, 11.816865208046417, 1, 4.7314571730009565
1.0300000000000007, 3.6020365093038467, 11.881579389682248, 1, 4.7314571730009565
1.0400000000000007, 3.6551518337635205, 11.945927865266755, 1, 4.7314571730009565
1.0500000000000007, 3.7085548211716173, 12.009916434667746, 1, 4.7314571730009565
1.0600000000000007, 3.762243862606201, 12.07355074277928, 1, 4.7314571730009565
1.0700000000000007, 3.816217374380228, 12.136836285260799, 1, 5.373310106239419
1.0800000000000007, 3.8704737973744114, 12.208423719147724, 1, 5.373310106239419
1.0900000000000007, 3.925050244302571, 12.279576628126563, 1, 5.373310106239419
1.1000000000000008, 3.979944772667778, 12.350302426332853, 1, 5.373310106239419
1.1100000000000008, 4.035155473117199, 12.42060831512807, 1, 5.373310106239419
1.1200000000000008, 4.090680468490915, 12.49050129155567, 1, 5.373310106239419
1.1300000000000008, 4.146517912908537, 12.5599881563699, 1, 5.373310106239419
1.1400000000000008, 4.202665990891719, 12.629075521663506, 1, 5.373310106239419
1.1500000000000008, 4.259122916520764, 12.69776981811854, 1, 6.105454277792772
1.1600000000000008, 4.3158869326236475, 12.77550117574683, 1, 7.560909782368673
1.1700000000000008, 4.372998438411674, 12.871344048796539, 1, 7.560909782368673
1.1800000000000008, 4.4305383994691745, 12.966454318689534, 1, 7.560909782368673
1.1900000000000008, 4.488503540772426, 13.060847817445135, 1, 7.560909782368673
1.2000000000000008, 4.546890658073047, 13.154539805227213, 1, 11.543538533258092
1.2100000000000009, 4.60569661534158, 13.296871150623092, 1, 11.543538533258092
1.2200000000000009, 4.665138849601878, 13.437658139618643, 1, 11.543538533258092
1.2300000000000009, 4.7252104569745335, 13.5769484342775, 1, 10.883038496454597
1.2400000000000009, 4.785904746648273, 13.706868457258677, 1, 11.674068258213314
1.2500000000000009, 4.847179829830025, 13.844928836776374, 1, 10.67890178374267
1.260000000000001, 4.909072097109328, 13.969883714859657, 1, 11.735898127928946
1.270000000000001, 4.971522961749683, 14.106019455952069, 1, 18.077876193046595
1.280000000000001, 5.034582406598235, 14.31383412480687, 1, 18.235885860097653
1.290000000000001, 5.098570864602504, 14.520405879340178, 1, 12.61623770149913
1.300000000000001, 5.163482779447516, 14.661149167169865, 1, 13.569202836322596
1.310000000000001, 5.229023872043517, 14.81109409145902, 1, 14.322938390951247
1.320000000000001, 5.29523527731795, 14.96777285946172, 1, 10.665161812694754
1.330000000000001, 5.3621470981958534, 15.082971285576443, 1, 17.10822680766494
1.340000000000001, 5.4295739012642255, 15.266794552732579, 1, 17.009102730819247
1.350000000000001, 5.49782246650394, 15.447321317179556, 1, 18.15540888681699
1.360000000000001, 5.566878057253712, 15.637762694807234, 1, 27.11387001005962
1.370000000000001, 5.636784995726837, 15.918632845823273, 1, 30.18966067178644
1.380000000000001, 5.707947534041782, 16.225736918954713, 1, 31.837475771033194
1.390000000000001, 5.780482948129575, 16.54342120902591, 1, 11.965551929729862
1.400000000000001, 5.854438535713623, 16.66008761007264, 1, 11.965551929729862
1.410000000000001, 5.928915667912397, 16.77590453846156, 1, 32.1181637510121
1.420000000000001, 6.003910547249624, 17.085887035791703, 1, 13.208037883063033
1.430000000000001, 6.080291170045906, 17.210567836733635, 1, 30.844272149569402
1.440000000000001, 6.15722916497082, 17.50075441928645, 1, 13.534852908702801
1.450000000000001, 6.235464407844059, 17.62540836159411, 2, 18.077876193046595
1.460000000000001, 6.31425690277729, 17.7911684243902, 1, 14.682140491203967
1.470000000000001, 6.393790410266941, 17.92422585727718, 1, 31.805088696420245
1.480000000000001, 6.473918736718599, 18.2114728573258, 1, 15.015825502367694
1.490000000000001, 6.5553311700307395, 18.344324007655736, 1, 33.69727899501926
1.500000000000001, 6.6373375001408705, 18.64163817267946, 1, 15.361287631572491
1.5100000000000011, 6.720672941291189, 18.77431526897671, 1, 35.15469735260201
1.5200000000000011, 6.804601501149642, 19.077332388759444, 1, 36.28628211104841
1.5300000000000011, 6.889884666494977, 19.385097602477284, 1, 37.25593149643006
1.5400000000000011, 6.976543663171139, 19.696031560923785, 1, 38.434624727040756
1.5500000000000012, 7.064592656711081, 20.011698879764666, 1, 38.82915818141669
1.5600000000000012, 7.154052807094036, 20.325532689565822, 1, 39.02642490860466
1.5700000000000012, 7.244915917814779, 20.636042212167144, 1, 38.06658978825723
1.5800000000000012, 7.337167128004444, 20.934289002138183, 1, 37.322668498662814
1.5900000000000012, 7.430751618433952, 21.222463862215367, 1, 37.122457491964575
1.6000000000000012, 7.525624363622537, 21.505128935314207, 1, 37.08025615231739
1.6100000000000012, 7.62176073265932, 21.78369020731258, 1, 36.14986382707266
1.6200000000000012, 7.719142379942271, 22.05168192992056, 1, 36.05368402973722
1.6300000000000012, 7.817722055436118, 22.31563236935825, 1, 34.7052040140344
1.6400000000000012, 7.917481693018521, 22.56656202558565, 1, 33.795421645361536
1.6500000000000012, 8.018363084676704, 22.808065763383166, 2, 33.69727899501926
1.6600000000000013, 8.120324092854764, 23.04623163320247, 1, 34.83867801849989
1.6700000000000013, 8.223349795972426, 23.289911666648596, 1, 34.54032436145938
1.6800000000000013, 8.327464844505908, 23.528873427349648, 2, 35.15469735260201
1.6900000000000013, 8.432648145923691, 23.76957200871889, 1, 34.02998257967956
1.7000000000000013, 8.538907464496022, 24.000043769787514, 2, 36.28628211104841
1.7100000000000013, 8.64619708232121, 24.243518691158396, 2, 37.39529405991609
1.7200000000000013, 8.754575128630716, 24.491901865632563, 2, 38.62992860122188
1.7300000000000013, 8.864063545242841, 24.745875304861038, 2, 37.9223200922541
1.7400000000000013, 8.974687322835718, 24.99249228518944, 2, 37.83791741295974
1.7500000000000013, 9.086413575149994, 25.236029340203082, 2, 37.46006820914199
1.7600000000000013, 9.199228533710363, 25.47468049933614, 2, 38.15786245307555
1.7700000000000014, 9.313110356644085, 25.7154587089349, 2, 38.71040557450254
1.7800000000000014, 9.428068552701802, 25.957381659816473, 2, 38.99501926049513
1.7900000000000014, 9.54410823932646, 26.198733755925925, 2, 37.322668498662814
1.8000000000000014, 9.661226864573118, 26.427358940665155, 2, 37.9223200922541
1.8100000000000014, 9.779367534151493, 26.657602890931564, 2, 37.24219152538215
1.8200000000000014, 9.898537484579004, 26.881596427688923, 2, 37.08025615231739
1.8300000000000014, 10.018708774053415, 27.10263886717064, 2, 35.305837034129105
1.8400000000000014, 10.139868210011334, 27.311097925109447, 2, 36.02129695512428
1.8500000000000014, 10.261959539797155, 27.5221398054541, 2, 36.05368402973722
1.8600000000000014, 10.384994309641023, 27.731653793748947, 2, 36.1694923571411
1.8700000000000014, 10.50896568926564, 27.94016415004983, 2, 34.7052040140344
1.8800000000000014, 10.633869192041976, 28.138462840386634, 2, 34.36268616433987
1.8900000000000015, 10.759659167814176, 28.333277199973917, 2, 21.562921706700692
1.9000000000000015, 10.886320040255876, 28.452800459355775, 2, 33.42542385357117
1.9100000000000015, 11.013515228590636, 28.6399232942313, 3, 35.15469735260201
1.9200000000000015, 11.141546929459821, 28.835585773554918, 3, 35.15469735260201
1.9300000000000015, 11.270453318426691, 29.02981872706061, 2, 33.50688225335525
1.9400000000000015, 11.400228004949623, 29.21337936508798, 2, 35.529602276909486
1.9500000000000015, 11.530823279588585, 29.406997259487074, 3, 36.28628211104841
1.9600000000000015, 11.662284102227936, 29.603438780562744, 3, 37.25593149643006
1.9700000000000015, 11.794623095587449, 29.80381960839509, 3, 37.39529405991609
1.9800000000000015, 11.927857869914856, 30.003508433862514, 3, 38.62992860122188
1.9900000000000015, 12.061985331687914, 30.208478369324233, 3, 38.434624727040756
2.0000000000000013, 12.197029089541608, 30.410889645754924, 3, 39.64472360576098
2.010000000000001, 12.332977705265566, 30.618339020926673, 3, 38.979316436440364
2.020000000000001, 12.469853701139066, 30.820718853121985, 3, 38.406163358441496
2.0300000000000007, 12.607634414314752, 31.018618668509728, 3, 38.672129940869056
2.0400000000000005, 12.746299817358686, 31.21654378615433, 3, 38.15786245307555
2.0500000000000003, 12.88585002338189, 31.410409226440702, 3, 38.98029786294379
2.06, 13.026266884032783, 31.607243279672698, 3, 38.06658978825723
2.07, 13.167563670176678, 31.798013730081195, 3, 38.99501926049513
2.0799999999999996, 13.309713275128448, 31.99229791814706, 3, 37.85067595750424
2.0899999999999994, 13.452731406674879, 32.17944206905218, 3, 38.31292784061633
2.099999999999999, 13.596586146046754, 32.36773330012107, 3, 37.9223200922541
2.109999999999999, 13.741282621142737, 32.55284323506157, 3, 37.393331206909245
2.1199999999999988, 13.886806610320193, 32.734131597870345, 3, 36.67688985941066
2.1299999999999986, 14.033141029651379, 32.9107264040872, 3, 36.66805702087985
2.1399999999999983, 14.180264897095688, 33.08622034320149, 3, 36.56598866452389
2.149999999999998, 14.328173291344982, 33.26016954211019, 3, 36.485511691243225
2.159999999999998, 14.476859306804092, 33.43270407653333, 3, 36.02129695512428
2.1699999999999977, 14.626316619367385, 33.60196829092367, 4, 31.805088696420245
2.1799999999999975, 14.776530609420421, 33.7497429504349, 3, 36.05368402973722
2.1899999999999973, 14.927405210216307, 33.91737206744197, 3, 36.1694923571411
2.199999999999997, 15.079029178974709, 34.08462324601066, 3, 36.1694923571411
2.209999999999997, 15.231400826162433, 34.250945375568236, 3, 34.7052040140344
2.2199999999999966, 15.384515998565664, 34.40935695574017, 3, 34.65711411536669
2.2299999999999964, 15.538339332923046, 34.566706400759024, 3, 33.795421645361536
2.239999999999996, 15.692866081073461, 34.719156035052606, 3, 21.562921706700692
2.249999999999996, 15.848074338939352, 34.81312318236254, 3, 33.856270088573744
2.259999999999996, 16.00370266684427, 34.96461569792251, 3, 33.42542385357117
2.2699999999999956, 16.160008225768166, 35.113333227428036, 4, 35.15469735260201
2.2799999999999954, 16.31697861043395, 35.26938105419588, 4, 35.15469735260201
2.289999999999995, 16.474646590148183, 35.42463291182715, 4, 35.15469735260201
2.299999999999995, 16.633008606616336, 35.57909881803136, 3, 33.50688225335525
2.3099999999999947, 16.792061146326972, 35.725207363479356, 3, 33.9926883725495
2.3199999999999945, 16.9517668485965, 35.87284392600813, 4, 36.28628211104841
2.3299999999999943, 17.112132544261147, 36.03023639551875, 4, 36.28628211104841
2.339999999999994, 17.2732018460552, 36.18683241688082, 4, 37.25593149643006
2.349999999999994, 17.434971193542754, 36.34702741445877, 4, 37.25593149643006
2.3599999999999937, 17.597456675560416, 36.5064045916806, 4, 37.39529405991609
2.3699999999999934, 17.760654636130127, 36.665598993264844, 3, 32.9906519125549
2.3799999999999932, 17.924564258173028, 36.80432264352182, 4, 38.30409500208554
2.389999999999993, 18.08909402939408, 36.96605988390383, 4, 38.434624727040756
2.399999999999993, 18.25434682957604, 37.127552511155514, 4, 37.9223200922541
2.4099999999999926, 18.420321565202187, 37.285968930169, 4, 39.64472360576098
2.4199999999999924, 18.587004484414006, 37.451159296701086, 4, 38.452290404102364
2.429999999999992, 18.75442586941629, 37.6102908574322, 4, 39.394459847388184
2.439999999999992, 18.922558634968485, 37.77273422223506, 4, 38.406163358441496
2.4499999999999917, 19.091417586134966, 37.930078080065876, 4, 38.17650955664058
2.4599999999999915, 19.260979926117557, 38.08566293256216, 4, 38.38359054886277
2.4699999999999913, 19.431237791471844, 38.241387951493365, 4, 38.15786245307555
2.479999999999991, 19.60219180879682, 38.39539744671942, 4, 38.32176067914714
2.489999999999991, 19.77383430902803, 38.54937379244083, 4, 38.87724808008441
2.4999999999999907, 19.946165143974163, 38.704979593656155, 4, 38.06658978825723
2.5099999999999905, 20.119191597940993, 38.85641409222585, 3, 30.99443040459308
2.5199999999999902, 20.292895023568082, 38.97733019878541, 4, 38.99501926049513
2.52999999999999, 20.46713899166193, 39.131401923769026, 4, 37.7672547047133
2.53999999999999, 20.642071720853455, 39.27961262598281, 4, 37.322668498662814
2.5499999999999896, 20.817667010069897, 39.4252975732665, 4, 38.31292784061633
2.5599999999999894, 20.993913568195133, 39.57444614608308, 4, 37.37762838285448
2.569999999999989, 21.17082687899508, 39.71904749039603, 4, 36.76914395073239
2.579999999999989, 21.34838661457313, 39.860501573295956, 4, 37.393331206909245
2.5899999999999888, 21.52657870543518, 40.00390895600515, 4, 36.67688985941066
2.5999999999999885, 21.70541188359823, 40.14375713836315, 4, 34.712073999558356
2.6099999999999883, 21.8848702380394, 40.27499034948388, 4, 34.712073999558356
2.619999999999988, 22.064915256455112, 40.405692820320766, 4, 36.598375739136834
2.629999999999988, 22.24554456622793, 40.54351801755896, 4, 36.56598866452389
2.6399999999999877, 22.426790008741182, 40.68063493972819, 4, 35.305837034129105
2.6499999999999875, 22.608648417727245, 40.81210572656433, 4, 36.485511691243225
2.6599999999999873, 22.791094552744564, 40.94778420419028, 4, 36.02129695512428
2.669999999999987, 22.974147223822868, 41.081047299679355, 5, 31.805088696420245
2.679999999999987, 23.157795633255752, 41.196951515043175, 4, 19.67858282012906
2.6899999999999866, 23.341962180034134, 41.26415693954777, 4, 36.05368402973722
2.6999999999999864, 23.52642916144422, 41.39627317031482, 4, 36.05368402973722
2.709999999999986, 23.71148675427333, 41.5278609316982, 4, 36.1694923571411
2.719999999999986, 23.897132596055847, 41.65938193837091, 4, 36.1694923571411
2.7299999999999858, 24.083366388372006, 41.79038066641061, 4, 34.7052040140344
2.7399999999999856, 24.270185796431278, 41.91511958165343, 4, 34.7052040140344
2.7499999999999853, 24.45756283641292, 42.039384930784315, 4, 34.65711411536669
2.759999999999985, 24.645495391290495, 42.16299319291961, 4, 34.65711411536669
2.769999999999985, 24.83398052362717, 42.28613701129606, 4, 34.36268616433987
2.7799999999999847, 25.023016157177, 42.40767897083073, 4, 21.562921706700692
2.7899999999999845, 25.212595131002097, 42.479269602376604, 4, 21.562921706700692
2.7999999999999843, 25.402494143055957, 42.55067946125533, 4, 33.856270088573744
2.809999999999984, 25.592712385213794, 42.669295021462794, 5, 35.15469735260201
2.819999999999984, 25.783460885493028, 42.792469578931005, 5, 35.15469735260201
2.8299999999999836, 25.974760024401228, 42.91518629940607, 5, 35.15469735260201
2.8399999999999834, 26.166607755227293, 43.037448888764274, 5, 35.15469735260201
2.849999999999983, 26.359002047826845, 43.1592609982678, 5, 35.15469735260201
2.859999999999983, 26.55194088837808, 43.280626225706094, 4, 34.83867801849989
2.869999999999983, 26.745422279142723, 43.40035119681205, 4, 35.00355767107491
2.8799999999999826, 26.939438887531022, 43.52026672301208, 4, 34.27632063203867
2.8899999999999824, 27.133991565399057, 43.63701002736531, 5, 36.28628211104841
2.899999999999982, 27.32906613166979, 43.76089172811686, 5, 36.28628211104841
2.909999999999982, 27.524694497777585, 43.8843164351122, 5, 36.28628211104841
2.9199999999999817, 27.72087462078094, 44.00728778403739, 5, 37.25593149643006
2.9299999999999815, 27.917604473991297, 44.13342108964376, 5, 37.25593149643006
2.9399999999999813, 28.11489819259637, 44.259084769706554, 5, 37.25593149643006
2.949999999999981, 28.312753677185615, 44.384282595938686, 5, 37.39529405991609
2.959999999999981, 28.511168845209518, 44.50953297535644, 5, 37.39529405991609
2.9699999999999807, 28.710143931601447, 44.63432155303854, 4, 34.02998257967956
2.9799999999999804, 28.909676871926347, 44.74629083084152, 5, 38.62992860122188
2.9899999999999802, 29.109710358881035, 44.87473462866367, 5, 38.30409500208554
2.99999999999998, 29.31031804003772, 45.001507586404934, 5, 38.434624727040756
3.00999999999998, 29.511492446085292, 45.12828696734414, 5, 37.9223200922541
3.0199999999999796, 29.713233605737962, 45.25273703940321, 5, 39.64766788527125
3.0299999999999794, 29.915531106070574, 45.38298409520256, 5, 39.64472360576098
3.039999999999979, 30.118410861876285, 45.512730808850876, 5, 40.0
3.049999999999979, 30.32187063642925, 45.64327134932826, 5, 38.979316436440364
3.0599999999999787, 30.525913978447043, 45.76965607966463, 5, 39.394459847388184
3.0699999999999785, 30.730522309826807, 45.89706514701451, 5, 39.25019015138504
3.0799999999999783, 30.935700209757133, 46.02349048489885, 5, 38.00181563903133
3.089999999999978, 31.14144328058111, 46.14500749099486, 5, 37.46006820914199
3.099999999999978, 31.347729580128686, 46.264169483500204, 5, 38.16080673258582
3.1099999999999777, 31.55454858056455, 46.38539952382927, 5, 39.02642490860466
3.1199999999999775, 31.761909526874373, 46.50926172206079, 5, 38.061682655740114
3.1299999999999772, 31.969824185837336, 46.62928003309069, 5, 38.5877272615747
3.139999999999977, 32.17827537376858, 46.7507290769, 5, 38.32176067914714
3.149999999999977, 32.38726948660531, 46.87081825479231, 5, 38.87724808008441
3.1599999999999766, 32.59680044521302, 46.99243222690624, 5, 38.71040557450254
3.1699999999999764, 32.80687506602049, 47.113037001419045, 5, 38.06658978825723
3.179999999999976, 33.01748883751824, 47.23098065975548, 4, 31.39583384449297
3.189999999999976, 33.22862986347225, 47.3253555707044, 4, 30.712760998110756
3.1999999999999758, 33.440192782328836, 47.41708617041644, 5, 38.99501926049513
3.2099999999999755, 33.652165772978634, 47.53720157326805, 5, 38.99501926049513
3.2199999999999753, 33.86467572663527, 47.65690116449526, 5, 37.85067595750424
3.229999999999975, 34.07772078445754, 47.772250457081135, 5, 37.322668498662814
3.239999999999975, 34.291281498902634, 47.885400249042355, 5, 37.425718281522194
3.2499999999999747, 34.50534803733926, 47.99852889149985, 5, 38.31292784061633
3.2599999999999745, 34.71992030522083, 48.11431517131944, 5, 37.04786907770445
3.2699999999999743, 34.935010183229714, 48.22540126142547, 5, 37.9223200922541
3.279999999999974, 35.150596659672644, 48.33909964689239, 5, 36.76914395073239
3.289999999999974, 35.36669141253545, 48.44850990919683, 5, 37.122457491964575
3.2999999999999736, 35.58327527222412, 48.55876467134553, 5, 37.393331206909245
3.3099999999999734, 35.800352013984494, 48.669578467217654, 5, 37.24219152538215
3.319999999999973, 36.01792413691679, 48.77952435588772, 5, 36.67688985941066
3.329999999999973, 36.235987761135085, 48.887215969641616, 5, 34.712073999558356
3.3399999999999728, 36.4545328091455, 48.98797399699386, 5, 34.712073999558356
3.3499999999999726, 36.67352828509476, 49.08842737500437, 5, 36.66805702087985
3.3599999999999723, 36.892972827080705, 49.195114022878286, 5, 36.598375739136834
3.369999999999972, 37.112894300266746, 49.30123346661233, 5, 36.56598866452389
3.379999999999972, 37.3332901690277, 49.40691354615927, 5, 35.305837034129105
3.3899999999999717, 37.55415846923315, 49.508080707333406, 5, 35.305837034129105
3.3999999999999715, 37.775479026366256, 49.60894228095722, 5, 36.485511691243225
3.4099999999999713, 37.99725047433069, 49.71340084698059, 5, 36.14986382707266
3.419999999999971, 38.21948889309463, 49.816429926673145, 5, 35.705277621022155
3.429999999999971, 38.442187892292964, 49.917680616815595, 5, 36.02129695512428
3.4399999999999706, 38.66533952182623, 50.019664715490435, 5, 19.67858282012906
3.4499999999999704, 38.88894706031851, 50.06771306470906, 5, 19.67858282012906
3.45999999999997, 39.112769393795084, 50.11566755989946, 5, 19.67858282012906
3.46999999999997, 39.33680610269161, 50.163528472028055, 5, 19.67858282012906
3.47999999999997, 39.561056768655064, 50.21129607068235, 5, 19.67858282012906
3.4899999999999696, 39.785520974537576, 50.258970624081826, 5, 36.05368402973722
3.4999999999999694, 40.01019830439033, 50.360030903335414, 5, 36.05368402973722
3.509999999999969, 40.23532741336659, 50.4607878970155, 5, 36.05368402973722
3.519999999999969, 40.460906945660774, 50.5612433173244, 5, 36.1694923571411
3.5299999999999687, 40.68693555312152, 50.6617746194909, 5, 36.1694923571411
3.5399999999999685, 40.91341357497053, 50.762005860043956, 5, 36.1694923571411
3.5499999999999683, 41.14033966981457, 50.86193871478231, 5, 34.7052040140344
3.559999999999968, 41.367712503751925, 50.95685144482322, 5, 34.7052040140344
3.569999999999968, 41.59550963485434, 51.05149181641613, 5, 34.7052040140344
3.5799999999999677, 41.82372984557262, 51.145861260443304, 5, 34.65711411536669
3.5899999999999674, 42.0523719247542, 51.239806918614654, 5, 34.65711411536669
3.5999999999999672, 42.28143397790991, 51.33348519005308, 5, 34.36268616433987
3.609999999999967, 42.5109148097161, 51.42595634234795, 5, 34.36268616433987
3.619999999999967, 42.74080902387628, 51.518167209900625, 5, 33.795421645361536
3.6299999999999666, 42.971115456815475, 51.60831231979697, 5, 21.562921706700692
3.6399999999999664, 43.20182487378597, 51.65929864308826, 5, 21.562921706700692
3.649999999999966, 43.432762219638285, 51.71018237488727, 5, 21.562921706700692
3.659999999999966, 43.66392703574818, 51.76096381995824, 5, 33.856270088573744
3.6699999999999657, 43.89531886485383, 51.85063119940603, 5, 33.856270088573744
3.6799999999999655, 44.12711154234811, 51.940051565821896, 5, 33.42542385357117
3.6899999999999653, 44.3593039639858, 52.0278648997132, 5, 33.42542385357117
3.699999999999965, 44.59188894570062, 52.115439646026466, 5, 33.42542385357117
3.709999999999965, 44.82486542091241, 52.202776946657394, 5, 33.54319503398189
3.7199999999999647, 45.05823232814576, 52.29024816243393, 5, 33.54319503398189
3.7299999999999645, 45.29199026605395, 52.377482570900526, 5, 33.54319503398189
3.7399999999999642, 45.52613817601533, 52.46448129620289, 5, 34.27043207301813
3.749999999999964, 45.76067500443363, 52.553520205238854, 5, 34.27043207301813
3.759999999999964, 45.99560987173109, 52.642315698280655, 5, 34.83867801849989
3.7699999999999636, 46.230941689742664, 52.732640337259376, 5, 34.83867801849989
3.7799999999999634, 46.46667729435101, 52.822716051112934, 5, 35.00355767107491
3.789999999999963, 46.70281557276309, 52.91305626916716, 5, 33.481365164266265
3.799999999999963, 46.939357707416534, 52.998426652275285, 5, 34.27632063203867
3.8099999999999627, 47.17628148119802, 53.086031612581955, 5, 34.25963638148048
3.8199999999999625, 47.41359688354489, 53.1733484081614, 5, 34.54032436145938
3.8299999999999623, 47.6513026262477, 53.26129624561469, 5, 33.9926883725495
3.839999999999962, 47.88940153031135, 53.34731875664033, 5, 35.529602276909486
3.849999999999962, 48.12788498877086, 53.43783966166849, 5, 19.637362906985306
3.8599999999999617, 48.36677311121343, 53.479285455713914, 5, 19.637362906985306
3.8699999999999615, 48.605846512626584, 53.52065510859284, 5, 33.63054199278652
3.8799999999999613, 48.84510485262941, 53.60487641011737, 5, 34.203695070785386
3.889999999999961, 49.08473969491448, 53.69063083064789, 5, 32.88858355619894
3.899999999999961, 49.32475789312564, 53.77213703245092, 5, 35.6552248693476
3.9099999999999606, 49.56514045605738, 53.861877062386775, 5, 35.7288318571043
3.9199999999999604, 49.80592419215395, 53.951596209378856, 5, 33.181048654218905
3.92999999999996, 50.04710900806041, 54.033320053898485, 5, 29.431017984640675
3.93999999999996, 50.28865916163582, 54.103440469207094, 5, 34.28319061756263
3.9499999999999598, 50.53052278099623, 54.18811596339648, 5, 33.58147066761538
3.9599999999999596, 50.772764933058404, 54.27044290161401, 5, 34.02998257967956
3.9699999999999593, 51.01537511885513, 54.35391292156932, 5, 34.02998257967956
3.979999999999959, 51.25835844841055, 54.43716493422519, 5, 21.620825870402633
3.989999999999959, 51.501713947146435, 54.48277294098346, 5, 21.620825870402633
3.9999999999999587, 51.74527333157777, 54.52829342805432, 5, 33.60011777118041
4.009999999999959, 51.98903621045719, 54.60979733144512, 5, 33.60011777118041
4.019999999999959, 52.23316344378238, 54.69109145145805, 5, 32.9906519125549
4.0299999999999585, 52.477654093739275, 54.77034754539034, 5, 32.9906519125549
4.039999999999958, 52.72249904955119, 54.849402970202554, 5, 33.58932207964276
4.049999999999958, 52.967697414148375, 54.93005013800687, 5, 33.58932207964276
4.059999999999958, 53.21325630324691, 55.010491164624064, 5, 33.58932207964276
4.069999999999958, 53.45917479531475, 55.090726920278065, 5, 33.58932207964276
4.079999999999957, 53.705451972710115, 55.17075826847736, 5, 35.300929901611994
4.089999999999957, 53.95208692165143, 55.255678178154824, 5, 35.300929901611994
4.099999999999957, 54.19910149592769, 55.34037467478327, 5, 35.300929901611994
4.109999999999957, 54.44649469679487, 55.42484874209863, 5, 32.426331673086835
4.119999999999957, 54.694265529906616, 55.50058807715285, 5, 32.426331673086835
4.129999999999956, 54.94237494758055, 55.576140759591226, 5, 32.426331673086835
4.139999999999956, 55.1908221154062, 55.6515075280725, 5, 22.486444046421475
4.149999999999956, 55.43960620227519, 55.69736107044421, 5, 22.486444046421475
4.159999999999956, 55.68859527248022, 55.743126147810756, 5, 22.486444046421475
4.1699999999999555, 55.93778893054799, 55.78880299239373, 5, 22.486444046421475
4.179999999999955, 56.187186782043305, 55.83439183539225, 5, 32.23691635792625
4.189999999999955, 56.436788433564544, 55.908568292346544, 5, 33.094683121917704
4.199999999999955, 56.6867216829693, 55.98508273472558, 5, 33.094683121917704
4.209999999999955, 56.93699698197028, 56.06140772355539, 5, 24.085187820497094
4.2199999999999545, 57.18761348363575, 56.111156420187605, 5, 24.085187820497094
4.229999999999954, 57.438452381506, 56.16080558882064, 5, 24.085187820497094
4.239999999999954, 57.689513230651805, 56.21035550599401, 5, 24.085187820497094
4.249999999999954, 57.940795587380165, 56.25980644693988, 5, 24.085187820497094
4.259999999999954, 58.19229900922849, 56.30915868559274, 5, 24.085187820497094
4.269999999999953, 58.44402305495879, 56.35841249459905, 5, 33.272321319037225
4.279999999999953, 58.69596728455189, 56.43433456075996, 5, 33.272321319037225
4.289999999999953, 58.94825091558697, 56.510069578056466, 5, 32.58532276664131
4.299999999999953, 59.20087311188216, 56.583622520208905, 5, 32.58532276664131
4.3099999999999525, 59.453824118704915, 56.65699735673107, 5, 24.17842333832225
4.319999999999952, 59.70710313985314, 56.70582981915208, 5, 24.17842333832225
4.329999999999952, 59.96060046127952, 56.754565247756425, 5, 24.17842333832225
4.339999999999952, 60.21431564920479, 56.803203907055504, 5, 24.17842333832225
4.349999999999952, 60.46824827103218, 56.851746060344155, 5, 24.17842333832225
4.3599999999999515, 60.72239789534193, 56.9001919697095, 5, 31.553843511544034
4.369999999999951, 60.97676409188591, 56.96982689320973, 5, 31.553843511544034
4.379999999999951, 61.231441583875906, 57.039298041438585, 5, 31.553843511544034
4.389999999999951, 61.48642963917215, 57.10860600523151, 5, 31.553843511544034
4.399999999999951, 61.74172752827616, 57.177751371609055, 5, 31.553843511544034
4.40999999999995, 61.997334524313644, 57.24673472381462, 5, 22.5737910052261
4.41999999999995, 62.253249903017654, 57.28979612515827, 5, 22.5737910052261
4.42999999999995, 62.50935778309114, 57.332776158045434, 5, 22.5737910052261
4.43999999999995, 62.765657800785156, 57.37567502441346, 5, 30.856049267610473
4.4499999999999496, 63.0221495932535, 57.44219890619534, 5, 30.856049267610473
4.459999999999949, 63.27893877359001, 57.50856995741111, 5, 31.39583384449297
4.469999999999949, 63.536024658582065, 57.57632981294869, 5, 30.712760998110756
4.479999999999949, 63.7934134567302, 57.64198463099678, 5, 30.712760998110756
4.489999999999949, 64.05109575769042, 57.70748960226005, 5, 29.27889687661015
4.4999999999999485, 64.30907089158877, 57.76876533105364, 5, 26.939176092450378
4.509999999999948, 64.56731995205108, 57.823254827409116, 5, 32.910174939274235
4.519999999999948, 64.82581260195411, 57.89458642613762, 5, 30.99443040459308
4.529999999999948, 65.08462413210752, 57.96031528768815, 5, 24.28343597418848
4.539999999999948, 65.34372949607655, 58.006879461251174, 5, 27.96672964153397
4.549999999999947, 65.60304302018203, 58.06378108476188, 5, 27.96672964153397
4.559999999999947, 65.8626109168836, 58.120561371526264, 5, 30.939470520401404
4.569999999999947, 66.12243264375837, 58.185619606176765, 5, 30.939470520401404
4.579999999999947, 66.38254520648324, 58.25053000652627, 5, 30.939470520401404
4.589999999999947, 66.64294794418085, 58.31529306933127, 5, 26.359153028927548
4.599999999999946, 66.90364019819451, 58.3670110399847, 5, 26.359153028927548
4.609999999999946, 67.16456365184094, 58.418623252137664, 5, 26.359153028927548
4.619999999999946, 67.42571783233812, 58.47013000242712, 5, 28.13553500012268
4.629999999999946, 67.68710226823013, 58.52652103697026, 5, 28.13553500012268
4.6399999999999455, 67.9487387941851, 58.58279223014263, 5, 28.13553500012268
4.649999999999945, 68.21062687446505, 58.638943940211114, 5, 28.590916897710827
4.659999999999945, 68.4727659749336, 58.69625184810546, 5, 28.590916897710827
4.669999999999945, 68.73516126424893, 58.753437040502575, 5, 28.590916897710827
4.679999999999945, 68.99781219382461, 58.810499888258676, 5, 28.79505361042275
4.689999999999944, 69.26071821673206, 58.868010786022, 5, 28.79505361042275
4.699999999999944, 69.52388133593071, 58.925398303069656, 5, 29.3456338788429
4.709999999999944, 69.78730099986032, 58.98419722195117, 5, 29.3456338788429
4.719999999999944, 70.05098351804119, 59.042868695385124, 5, 29.3456338788429
4.729999999999944, 70.31492832074214, 59.10141311519448, 5, 29.3456338788429
4.739999999999943, 70.57913483998358, 59.159830871125344, 5, 29.3456338788429
4.749999999999943, 70.84360250952825, 59.21812235086415, 5, 24.85364477267709
4.759999999999943, 71.108330764872, 59.263829779380856, 5, 24.85364477267709
4.769999999999943, 71.37326335036549, 59.309448153511994, 5, 24.85364477267709
4.7799999999999425, 71.63839986790066, 59.354977700599285, 5, 24.85364477267709
4.789999999999942, 71.90373992038575, 59.400418647040496, 5, 24.85364477267709
4.799999999999942, 72.16928311174108, 59.44577121829568, 5, 24.85364477267709
4.809999999999942, 72.43502904689488, 59.49103563889342, 5, 24.85364477267709
4.819999999999942, 72.70097733177911, 59.53621213243694, 5, 24.85364477267709
4.8299999999999415, 72.96712757332531, 59.5813009216102, 5, 28.129646441102143
4.839999999999941, 73.23347937946053, 59.63533298072751, 5, 28.129646441102143
4.849999999999941, 73.50007273011244, 59.689252113784654, 5, 28.129646441102143
4.859999999999941, 73.76690712045722, 59.743058644566936, 5, 28.129646441102143
4.869999999999941, 74.0339820471185, 59.79675289529342, 5, 27.156071349706803
4.87999999999994, 74.30129700816033, 59.847661175805094, 5, 27.156071349706803
4.88999999999994, 74.56883954920214, 59.89846565333617, 1, 0.0
4.89999999999994, 74.83660920620383, 59.87465836474323, 5, 27.156071349706803
